{"_timestamp":1.7576887462883513e+09,"train/lr":5e-05,"_step":19950,"step":19950,"eval/loss":NaN,"train/step_time_s":2642.588585615158,"_wandb":{"runtime":2651},"train/wallclock_s":2642.588621854782,"_runtime":2651.87031062,"train/loss":NaN,"train/global_norm":NaN}