{"_runtime":3149.711523474,"train/loss":1.387298345565796,"_step":39950,"_wandb":{"runtime":3149},"step":39950,"eval/loss":1.415912425518036,"train/lr":0.0001,"train/global_norm":0.42996183651173475,"train/step_time_s":3142.5961668491364,"train/wallclock_s":3142.5962386131287,"_timestamp":1.7576617528033192e+09}