{"eval/loss":2.16550190448761,"_runtime":4735.875155236,"train/global_norm":1.5940482706633041,"_timestamp":1.7576912279598768e+09,"train/loss":2.153459072113037,"_wandb":{"runtime":4735},"step":19950,"_step":19950,"train/wallclock_s":4716.787967681885,"train/step_time_s":4716.786949157715,"train/lr":5e-06}