{"train/wallclock_s":6714.493428468704,"eval/loss":1.4044425010681152,"_runtime":6738.104216752,"train/lr":3e-05,"_timestamp":1.757658697815815e+09,"train/global_norm":0.1068444747154011,"train/step_time_s":6714.49334192276,"_step":19950,"step":19950,"_wandb":{"runtime":6738},"train/loss":1.424851417541504}