{"train/global_norm":0.23748918628585974,"train/loss":1.983196496963501,"_wandb":{"runtime":2889},"train/lr":0.0005,"train/wallclock_s":2879.315729856491,"train/step_time_s":2879.315675497055,"_timestamp":1.757689822389192e+09,"_runtime":2889.985563671,"eval/loss":1.9416839122772216,"step":19950,"_step":19950}