{"train/lr":1.1999999999999999e-05,"train/loss":8.968753814697266,"step":40,"train/wallclock_s":6.433349609375,"train/step_time_s":6.433281660079956,"_wandb":{"runtime":9},"train/global_norm":1.3378143320672082,"_runtime":9.394778052,"_timestamp":1.7576510916026635e+09,"_step":40}