{"_wandb":{"runtime":3252},"train/step_time_s":3240.5873889923096,"train/loss":1.3554508686065674,"train/wallclock_s":3240.5874724388123,"train/global_norm":0.29520109822425167,"step":19950,"train/lr":3e-05,"_timestamp":1.7576543465866604e+09,"_step":19950,"_runtime":3252.262481173}