{"train/loss":1.8631742000579834,"_step":1750,"_wandb":{"runtime":260},"_timestamp":1.7576874047065783e+09,"train/step_time_s":250.7956087589264,"train/wallclock_s":250.7956850528717,"train/lr":0.00497229876633906,"eval/loss":1.9632790803909301,"step":1750,"train/global_norm":0.17537212644109204,"_runtime":260.816608872}