{"_runtime":1422.308835532,"eval/loss":3.5062463998794557,"train/lr":0.0007,"_step":29750,"_wandb":{"runtime":1422},"train/step_time_s":1418.4517393112183,"step":29750,"train/global_norm":1.9169406237067488,"_timestamp":1.7576588254698024e+09,"train/loss":3.8726181983947754,"train/wallclock_s":1418.451813697815}