{"_step":19950,"eval/loss":4.857141590118408,"_runtime":14400.062935631,"step":19950,"train/lr":0.0005,"train/loss":4.872772693634033,"train/wallclock_s":14360.222476959229,"_timestamp":1.7577409623338566e+09,"train/global_norm":5.546533236547993,"train/step_time_s":14360.221532821655,"_wandb":{"runtime":14400}}