{"train/wallclock_s":163.93447160720825,"_wandb":{"runtime":183},"train/global_norm":0.2136710707198578,"train/lr":0.009996472117559295,"_runtime":183.857360512,"train/loss":6.1851043701171875,"_timestamp":1.7577265259136095e+09,"_step":250,"train/step_time_s":163.93353390693665,"step":250}