{"train/wallclock_s":4498.539210557938,"train/global_norm":0.11193456984260088,"_timestamp":1.7576927717329636e+09,"train/step_time_s":4498.539143323898,"train/lr":0.0005,"_runtime":4509.108714773,"eval/loss":1.3392770409584045,"_wandb":{"runtime":4509},"step":19950,"_step":19950,"train/loss":1.3403637409210205}